<clientes>
	<cliente>
		<id>1</id>
		<nombre>Juan Perez Lozano</nombre>
		<telefono>617315863</telefono>
		<fechaalta>26-03-2009</fechaalta>
	</cliente>
	<cliente>
		<id>2</id>
		<nombre>Luis Romero Sanchez</nombre>
		<telefono>959253987</telefono>
		<fechaalta>13-06-2010</fechaalta>
	</cliente>
	<cliente>
		<id>3</id>
		<nombre>Pedro Lopez Rojas</nombre>
		<telefono>954553153</telefono>
		<fechaalta>10-05-2011</fechaalta>
	</cliente>
	<cliente>
		<id>4</id>
		<nombre>Santiago Gonzalez Lleida</nombre>
		<telefono>954435993</telefono>
		<fechaalta>19-03-2010</fechaalta>
	</cliente>
	<cliente>
		<id>5</id>
		<nombre>Fernando Domingo Gomez</nombre>
		<telefono>955634281</telefono>
		<fechaalta>28-01-2012</fechaalta>
	</cliente>
	<cliente>
		<id>6</id>
		<nombre>Luis Daza Zamora</nombre>
		<telefono>954435113</telefono>
		<fechaalta>29-10-2010</fechaalta>
	</cliente>
	<cliente>
		<id>7</id>
		<nombre>Antonio Ossorio Melgar</nombre>
		<telefono>609257167</telefono>
		<fechaalta>17-07-2011</fechaalta>
	</cliente>
	<cliente>
		<id>8</id>
		<nombre>Javier Romero Gonzalez</nombre>
		<telefono>617583100</telefono>
		<fechaalta>05-05-2015</fechaalta>
	</cliente>
</clientes>
