<libros>
	<libro>
		<id>1</id>
		<titulo>La Leccion</titulo>
		<autor>E. Ionesco</autor>
		<paginas>155</paginas>
		<publicacion>1951</publicacion>
	</libro>
	<libro>
		<id>2</id>
		<titulo>El libro de la reposteria</titulo>
		<autor>Angela Landa</autor>
		<paginas>166</paginas>
		<publicacion>1997</publicacion>
	</libro>
	<libro>
		<id>3</id>
		<titulo>Hamlet</titulo>
		<autor>Shakespeare</autor>
		<paginas>150</paginas>
		<publicacion>1603</publicacion>
	</libro>
	<libro>
		<id>4</id>
		<titulo>Discurso del metodo</titulo>
		<autor>R. Descartes</autor>
		<paginas>182</paginas>
		<publicacion>1637</publicacion>
	</libro>
	<libro>
		<id>5</id>
		<titulo>El libro de arena</titulo>
		<autor>J.L. Borges</autor>
		<paginas>121</paginas>
		<publicacion>1975</publicacion>
	</libro>
	<libro>
		<id>6</id>
		<titulo>Una dama en apuros</titulo>
		<autor>T. Sharpe</autor>
		<paginas>255</paginas>
		<publicacion>1988</publicacion>
	</libro>
	<libro>
		<id>7</id>
		<titulo>La Republica o el Estado</titulo>
		<autor>Platon</autor>
		<paginas>303</paginas>
		<publicacion>-370</publicacion>
	</libro>
	<libro>
		<id>8</id>
		<titulo>Job</titulo>
		<autor>J. Roth</autor>
		<paginas>189</paginas>
		<publicacion>1930</publicacion>
	</libro>
	<libro>
		<id>9</id>
		<titulo>El viejo y el mar</titulo>
		<autor>E. Hemingwey</autor>
		<paginas>154</paginas>
		<publicacion>1952</publicacion>
	</libro>
	<libro>
		<id>10</id>
		<titulo>En las profundidades</titulo>
		<autor>A.C. Clarke</autor>
		<paginas>196</paginas>
		<publicacion>1957</publicacion>
	</libro>
	<libro>
		<id>11</id>
		<titulo>El tango de la viega guardia</titulo>
		<autor>A. Pérez Reverte</autor>
		<paginas>504</paginas>
		<publicacion>2012</publicacion>
	</libro>
	<libro>
		<id>12</id>
		<titulo>Cazadores de luz</titulo>
		<autor>N. Casariego</autor>
		<paginas>281</paginas>
		<publicacion>2005</publicacion>
	</libro>
</libros>
