<prestamos>
	<prestamo>
		<libro>8</libro>
		<cliente>8</cliente>
		<fechaprestamo>02-05-2012</fechaprestamo>
		<fechadevolucion>31-12-2012</fechadevolucion>
	</prestamo>
	<prestamo>
		<libro>4</libro>
		<cliente>8</cliente>
		<fechaprestamo>21-04-2012</fechaprestamo>
		<fechadevolucion>31-12-2012</fechadevolucion>
	</prestamo>
	<prestamo>
		<libro>4</libro>
		<cliente>1</cliente>
		<fechaprestamo>15-03-2012</fechaprestamo>
		<fechadevolucion>19-04-2012</fechadevolucion>
	</prestamo>
	<prestamo>
		<libro>1</libro>
		<cliente>2</cliente>
		<fechaprestamo>30-04-2012</fechaprestamo>
		<fechadevolucion>31-12-2012</fechadevolucion>
	</prestamo>
	<prestamo>
		<libro>8</libro>
		<cliente>3</cliente>
		<fechaprestamo>08-05-2012</fechaprestamo>
		<fechadevolucion>31-12-2012</fechadevolucion>
	</prestamo>
	<prestamo>
		<libro>5</libro>
		<cliente>3</cliente>
		<fechaprestamo>15-01-2012</fechaprestamo>
		<fechadevolucion>19-01-2012</fechadevolucion>
	</prestamo>
	<prestamo>
		<libro>5</libro>
		<cliente>3</cliente>
		<fechaprestamo>22-01-2012</fechaprestamo>
		<fechadevolucion>31-01-2012</fechadevolucion>
	</prestamo>
	<prestamo>
		<libro>5</libro>
		<cliente>3</cliente>
		<fechaprestamo>02-02-2012</fechaprestamo>
		<fechadevolucion>15-02-2012</fechadevolucion>
	</prestamo>
	<prestamo>
		<libro>4</libro>
		<cliente>7</cliente>
		<fechaprestamo>15-03-2012</fechaprestamo>
		<fechadevolucion>18-03-2012</fechadevolucion>
	</prestamo>
	<prestamo>
		<libro>4</libro>
		<cliente>7</cliente>
		<fechaprestamo>05-04-2012</fechaprestamo>
		<fechadevolucion>20-04-2012</fechadevolucion>
	</prestamo>
	<prestamo>
		<libro>1</libro>
		<cliente>7</cliente>
		<fechaprestamo>06-05-2012</fechaprestamo>
		<fechadevolucion>31-12-2012</fechadevolucion>
	</prestamo>
	<prestamo>
		<libro>3</libro>
		<cliente>2</cliente>
		<fechaprestamo>10-05-2012</fechaprestamo>
		<fechadevolucion>31-12-2012</fechadevolucion>
	</prestamo>
	<prestamo>
		<libro>10</libro>
		<cliente>4</cliente>
		<fechaprestamo>01-08-2003</fechaprestamo>
		<fechadevolucion>31-08-2003</fechadevolucion>
	</prestamo>
	<prestamo>
		<libro>12</libro>
		<cliente>5</cliente>
		<fechaprestamo>15-04-2012</fechaprestamo>
		<fechadevolucion>24-09-2012</fechadevolucion>
	</prestamo>
</prestamos>
